Keyword,Rank,Change,Volume
custom home builder moorabbin,50,0,0
google reviews melbourne trade business,50,0,0
google ranking plumber melbourne,50,0,0
electrician seo melbourne,50,0,0
electrical marketing melbourne,50,0,0
digital marketing for tradies,50,0,50
branding for manufacturers melbourne,50,0,0
branding agency melbourne,50,0,590
brand design for tradies,47,3,0
b2b content marketing agency melbourne,50,0,0
automated lead follow up tradies,50,0,0
ai for trade businesses melbourne,50,0,0
tradie branding melbourne,21,1,0
trade business marketing melbourne,13,4,0
digital agency frankston,7,0,0
marketing agency for tradies melbourne,9,0,0
tradie marketing agency melbourne,11,4,0
frankston marketing agency,2,0,0
digital marketing agency frankston,2,0,10
digital agency bayside,14,1,0
branding agency bayside melbourne,1,0,0
marketing for tradies melbourne,22,1,0
branding bayside trade businesses,1,1,0
marketing for tradies frankston,1,0,0
brand agency bayside melbourne,1,0,0
bayside digital agency,17,5,0
